date,home_team,away_team,home_goals,away_goals,dl_match_id
09/09/2026,Ball FC,Saffron Rangers,1,3,96096
09/09/2026,Borulanta,Shamrock Posers,2,3,96094
09/09/2026,Dynamo Mickey CF,Foireann Peile,3,7,96093
09/09/2026,Finessin FC,The Dirty Boys,0,1,96095
16/09/2026,Brother Man FC,Borulanta,1,5,96099
16/09/2026,Saffron Rangers,Finessin FC,2,5,96100
16/09/2026,Shamrock Posers,Ball FC,5,0,96097
16/09/2026,The Dirty Boys,Dynamo Mickey CF,3,1,96098
23/09/2026,Ball FC,Brother Man FC,4,1,96102
23/09/2026,Finessin FC,Shamrock Posers,3,3,96104
23/09/2026,Foireann Peile,The Dirty Boys,3,3,96101
30/09/2026,Borulanta,Ball FC,3,0,96105
30/09/2026,Brother Man FC,Finessin FC,2,7,96107
30/09/2026,Saffron Rangers,Foireann Peile,1,8,96106
30/09/2026,Shamrock Posers,Dynamo Mickey CF,2,0,96108
